Study,Experiment,Item_nr,Item_status,Sentence_type,Condition,Character,Sentence,Box_schema,Content_Box1,Content_Box2,Content_Box3,Color_Ball_A,Color_Ball_B,Color_Ball_C,Color_Ball_D,Answer_option1,Answer_option2
Deganoetal_2024,Exp_1,1,Training,Control_4,Bad,Mia,`The mystery box does not contain a green ball or a yellow ball.',A-CD-A,a green ball,a green ball,a grey ball and a blue ball,green,yellow,grey,blue,Bad,Good
Deganoetal_2024,Exp_1,2,Training,Control_2,Bad,Mia,`The mystery box does not contain a green ball.',A-CD-A,a green ball,a green ball,a grey ball and a blue ball,green,yellow,grey,blue,Bad,Good
Deganoetal_2024,Exp_1,3,Training,Control_2,Good,Mia,`The mystery box does not contain a yellow ball.',C-CD-C,a green ball and a blue ball,a green ball,a green ball,yellow,grey,green,blue,Bad,Good
Deganoetal_2024,Exp_1,4,Training,Control_1,Good,Sam,`The mystery box contains a yellow ball.',A-A-A,a yellow ball,a yellow ball,a yellow ball,yellow,blue,grey,green,Bad,Good
Deganoetal_2024,Exp_1,5,Training,Control_4,Good,Sam,`The mystery box does not contain a blue ball or a grey ball.',C-CD-C,a yellow and a green ball,a yellow ball,a yellow ball,blue,grey,yellow,green,Bad,Good
Deganoetal_2024,Exp_1,6,Training,Control_3,Good,Mia,`The mystery box contains a blue ball and a yellow ball.',AB-AB-AB,a blue ball and a yellow ball,a blue ball and a yellow ball,a blue ball and a yellow ball,blue,yellow,green,grey,Bad,Good
Deganoetal_2024,Exp_1,7,Training,Control_1,Bad,Mia,`The mystery box contains a grey ball.',A-CD-C,a yellow ball,a grey ball,a yellow ball and a blue ball,grey,green,yellow,blue,Bad,Good
Deganoetal_2024,Exp_1,8,Training,Control_3,Bad,Sam,`The mystery box contains a green ball and a blue ball.',AB-CD-C,a yellow ball and a grey ball,a green ball and a blue ball,a yellow ball,green,blue,yellow,grey,Bad,Good
Deganoetal_2024,Exp_1,9,Test,Test,Target_1,Mia,`The mystery box contains a blue ball or a grey ball.',A-AB-A,a blue ball,a blue ball and a grey ball,a blue ball,blue,grey,green,yellow,Bad,Good
Deganoetal_2024,Exp_1,10,Test,Test,Target_2,Sam,`The mystery box contains a yellow ball or a blue ball.',A-AC-A,a yellow ball,a yellow ball and a grey ball,a yellow ball,yellow,blue,grey,green,Bad,Good
Deganoetal_2024,Exp_1,11,Test,Test,Target_2,Mia,`The mystery box contains a grey ball or a blue ball.',A-AC-AD,a grey ball and a yellow ball,a grey ball,a grey ball and a green ball,grey,blue,green,yellow,Bad,Good
Deganoetal_2024,Exp_1,12,Test,Test,Target_2,Mia,`The mystery box contains a green ball or a blue ball.',A-AC-AC,a green ball and a yellow ball,a green ball and a yellow ball,a green ball,green,blue,yellow,grey,Bad,Good
Deganoetal_2024,Exp_1,13,Test,Control_2,Bad,Mia,`The mystery box does not contain a yellow ball.',A-CD-A,a yellow ball,a yellow ball,a grey ball and a green ball,yellow,blue,grey,green,Bad,Good
Deganoetal_2024,Exp_1,14,Test,Control_4,Bad,Sam,`The mystery box does not contain a grey ball or a blue ball.',A-CD-A,a grey ball,a yellow and a green ball,a grey ball,grey,blue,yellow,green,Bad,Good
Deganoetal_2024,Exp_1,15,Test,Control_1,Good,Sam,`The mystery box contains a grey ball.',A-A-A,a grey ball,a grey ball,a grey ball,grey,blue,green,yellow,Bad,Good
Deganoetal_2024,Exp_1,16,Test,Control_1,Good,Sam,`The mystery box contains a yellow ball.',A-A-A,a yellow ball,a yellow ball,a yellow ball,yellow,grey,blue,green,Bad,Good
Deganoetal_2024,Exp_1,17,Test,Test,Target_2,Mia,`The mystery box contains a blue ball or a yellow ball.',A-AC-AD,a blue ball and a grey ball,a blue ball,a blue ball and a green ball,blue,yellow,green,grey,Bad,Good
Deganoetal_2024,Exp_1,18,Test,Test,Good-Excl,Sam,`The mystery box contains a blue ball or a yellow ball.',A-AB-B,a blue ball,a yellow ball,a blue ball and a yellow ball,blue,yellow,green,grey,Bad,Good
Deganoetal_2024,Exp_1,19,Test,Test,Good,Sam,`The mystery box contains a blue ball or a yellow ball.',A-AC-B,a yellow ball,a blue ball and a green ball,a blue ball,blue,yellow,green,grey,Bad,Good
Deganoetal_2024,Exp_1,20,Test,Test,Bad,Sam,`The mystery box contains a grey ball or a yellow ball.',A-CD-C,a grey ball,a green ball and a blue ball,a green ball,grey,yellow,green,blue,Bad,Good
Deganoetal_2024,Exp_1,21,Test,Control_4,Good,Mia,`The mystery box does not contain a blue ball or a yellow ball.',C-CD-C,a grey ball and a green ball,a grey ball,a grey ball,blue,yellow,grey,green,Bad,Good
Deganoetal_2024,Exp_1,22,Test,Test,Target_2,Sam,`The mystery box contains a blue ball or a grey ball.',A-AC-A,a blue ball,a blue ball,a blue ball and a green ball,blue,grey,green,yellow,Bad,Good
Deganoetal_2024,Exp_1,23,Test,Test,Target_1,Mia,`The mystery box contains a blue ball or a grey ball.',A-AB-AB,a blue ball,a blue ball and a grey ball,a blue ball and a grey ball,blue,grey,green,yellow,Bad,Good
Deganoetal_2024,Exp_1,24,Test,Control_2,Bad,Sam,`The mystery box does not contain a blue ball.',A-CD-A,a blue ball,a blue ball,a grey ball and a yellow ball,blue,green,grey,yellow,Bad,Good
Deganoetal_2024,Exp_1,25,Test,Control_3,Good,Mia,`The mystery box contains a yellow ball and a blue ball.',AB-AB-AB,a yellow ball and a blue ball,a yellow ball and a blue ball,a yellow ball and a blue ball,yellow,blue,green,grey,Bad,Good
Deganoetal_2024,Exp_1,26,Test,Test,Target_1,Mia,`The mystery box contains a blue ball or a green ball.',A-AB-AB,a blue ball and a green ball,a blue ball,a blue ball and a green ball,blue,green,yellow,grey,Bad,Good
Deganoetal_2024,Exp_1,27,Test,Test,Bad,Mia,`The mystery box contains a grey ball or a green ball.',A-CD-C,a blue ball and a yellow ball,a grey ball,a blue ball,grey,green,blue,yellow,Bad,Good
Deganoetal_2024,Exp_1,28,Test,Test,Bad,Mia,`The mystery box contains a yellow ball or a green ball.',A-CD-C,a grey ball and a blue ball,a yellow ball,a grey ball,yellow,green,grey,blue,Bad,Good
Deganoetal_2024,Exp_1,29,Test,Test,Bad,Sam,`The mystery box contains a blue ball or a grey ball.',A-CD-C,a green ball,a green ball and a yellow ball,a blue ball,blue,grey,green,yellow,Bad,Good
Deganoetal_2024,Exp_1,30,Test,Control_1,Bad,Mia,`The mystery box contains a green ball.',A-CD-C,a grey ball,a green ball,a grey ball and a yellow ball,green,blue,grey,yellow,Bad,Good
Deganoetal_2024,Exp_1,31,Test,Control_2,Good,Mia,`The mystery box does not contain a yellow ball.',C-CD-C,a grey ball and a blue ball,a grey ball,a grey ball,yellow,green,grey,blue,Bad,Good
Deganoetal_2024,Exp_1,32,Test,Control_1,Bad,Sam,`The mystery box contains a blue ball.',A-CD-C,a green ball and a yellow ball,a green ball,a blue ball,blue,grey,green,yellow,Bad,Good
Deganoetal_2024,Exp_1,33,Test,Test,Good-Excl,Mia,`The mystery box contains a green ball or a yellow ball.',A-AB-B,a green ball and a yellow ball,a green ball,a yellow ball,green,yellow,grey,blue,Bad,Good
Deganoetal_2024,Exp_1,34,Test,Control_3,Bad,Mia,`The mystery box contains a yellow ball and a green ball.',AB-CD-C,a grey ball,a grey ball and a blue ball,a yellow and a green ball,yellow,green,grey,blue,Bad,Good
Deganoetal_2024,Exp_1,35,Test,Control_1,Bad,Mia,`The mystery box contains a grey ball.',A-CD-C,a blue ball,a blue ball and a yellow ball,a grey ball,grey,green,blue,yellow,Bad,Good
Deganoetal_2024,Exp_1,36,Test,Test,Target_1,Mia,`The mystery box contains a yellow ball or a grey ball.',A-AB-AB,a yellow ball and a grey ball,a yellow ball,a yellow ball and a grey ball,yellow,grey,green,blue,Bad,Good
Deganoetal_2024,Exp_1,37,Test,Control_3,Good,Sam,`The mystery box contains a grey ball and a green ball.',AB-AB-AB,a grey ball and a green ball,a grey ball and a green ball,a grey ball and a green ball,grey,green,blue,yellow,Bad,Good
Deganoetal_2024,Exp_1,38,Test,Control_4,Bad,Mia,`The mystery box does not contain a yellow ball or a green ball.',A-CD-A,a blue ball and a grey ball,a yellow ball,a yellow ball,yellow,green,blue,grey,Bad,Good
Deganoetal_2024,Exp_1,39,Test,Control_4,Bad,Sam,`The mystery box does not contain a green ball or a grey ball.',A-CD-A,a green ball,a green ball,a yellow ball and a blue ball,green,grey,yellow,blue,Bad,Good
Deganoetal_2024,Exp_1,40,Test,Control_2,Bad,Sam,`The mystery box does not contain a blue ball.',A-CD-A,a blue ball,a blue ball,a grey ball and a green ball,blue,yellow,grey,green,Bad,Good
Deganoetal_2024,Exp_1,41,Test,Test,Good,Sam,`The mystery box contains a green ball or a yellow ball.',A-AC-B,a yellow ball,a green ball,a green ball and a grey ball,green,yellow,grey,blue,Bad,Good
Deganoetal_2024,Exp_1,42,Test,Control_4,Good,Sam,`The mystery box does not contain a blue ball or a green ball.',C-CD-C,a grey ball,a grey ball and a yellow ball,a grey ball,blue,green,grey,yellow,Bad,Good
Deganoetal_2024,Exp_1,43,Test,Test,Bad,Sam,`The mystery box contains a blue ball or a grey ball.',A-CD-C,a yellow ball,a yellow and a green ball,a blue ball,blue,grey,yellow,green,Bad,Good
Deganoetal_2024,Exp_1,44,Test,Test,Target_2,Sam,`The mystery box contains a yellow ball or a green ball.',A-AC-AC,a yellow ball and a blue ball,a yellow ball,a yellow ball and a blue ball,yellow,green,blue,grey,Bad,Good
Deganoetal_2024,Exp_1,45,Test,Test,Target_1,Sam,`The mystery box contains a grey ball or a blue ball.',A-AB-A,a grey ball,a grey ball,a grey ball and a blue ball,grey,blue,yellow,green,Bad,Good
Deganoetal_2024,Exp_1,46,Test,Control_4,Good,Mia,`The mystery box does not contain a grey ball or a blue ball.',C-CD-C,a yellow ball,a yellow and a green ball,a yellow ball,grey,blue,yellow,green,Bad,Good
Deganoetal_2024,Exp_1,47,Test,Test,Bad,Sam,`The mystery box contains a yellow ball or a grey ball.',A-CD-C,a green ball,a green ball and a blue ball,a yellow ball,yellow,grey,green,blue,Bad,Good
Deganoetal_2024,Exp_1,48,Test,Test,Target_1,Mia,`The mystery box contains a green ball or a yellow ball.',A-AB-A,a green ball,a green ball and a yellow ball,a green ball,green,yellow,blue,grey,Bad,Good
Deganoetal_2024,Exp_1,49,Test,Test,Good,Sam,`The mystery box contains a yellow ball or a grey ball.',A-AC-B,a yellow ball,a grey ball,a yellow and a green ball,yellow,grey,green,blue,Bad,Good
Deganoetal_2024,Exp_1,50,Test,Control_3,Good,Sam,`The mystery box contains a green ball and a yellow ball.',AB-AB-AB,a green ball and a yellow ball,a green ball and a yellow ball,a green ball and a yellow ball,green,yellow,blue,grey,Bad,Good
Deganoetal_2024,Exp_1,51,Test,Test,Good-Excl,Mia,`The mystery box contains a yellow ball or a grey ball.',A-AB-B,a yellow ball,a grey ball,a yellow ball and a grey ball,yellow,grey,blue,green,Bad,Good
Deganoetal_2024,Exp_1,52,Test,Control_2,Good,Sam,`The mystery box does not contain a blue ball.',C-CD-C,a grey ball,a grey ball and a green ball,a grey ball,blue,yellow,grey,green,Bad,Good
Deganoetal_2024,Exp_1,53,Test,Control_2,Good,Mia,`The mystery box does not contain a green ball.',C-CD-C,a grey ball and a blue ball,a grey ball,a grey ball,green,yellow,grey,blue,Bad,Good
Deganoetal_2024,Exp_1,54,Test,Control_1,Good,Sam,`The mystery box contains a grey ball.',A-A-A,a grey ball,a grey ball,a grey ball,grey,green,yellow,blue,Bad,Good
Deganoetal_2024,Exp_1,55,Test,Control_3,Bad,Sam,`The mystery box contains a yellow ball and a green ball.',AB-CD-C,a grey ball and a blue ball,a yellow and a green ball,a grey ball,yellow,green,grey,blue,Bad,Good
Deganoetal_2024,Exp_1,56,Test,Control_3,Bad,Sam,`The mystery box contains a yellow ball and a grey ball.',AB-CD-C,a green ball,a yellow ball and a grey ball,a green ball and a blue ball,yellow,grey,green,blue,Bad,Good
Deganoetal_2024,Exp_2,1,Training,Control_4,Bad,Mia,`The mystery box does not contain a green ball or a yellow ball.',A-CD-A,a green ball,a green ball,a grey ball and a blue ball,green,yellow,grey,blue,Bad,Good
Deganoetal_2024,Exp_2,2,Training,Control_2,Bad,Mia,`The mystery box does not contain a green ball.',A-CD-A,a green ball,a green ball,a grey ball and a blue ball,green,yellow,grey,blue,Bad,Good
Deganoetal_2024,Exp_2,3,Training,Control_2,Good,Mia,`The mystery box does not contain a yellow ball.',C-CD-C,a green ball and a blue ball,a green ball,a green ball,yellow,grey,green,blue,Bad,Good
Deganoetal_2024,Exp_2,4,Training,Control_1,Good,Sam,`The mystery box contains a yellow ball.',A-A-A,a yellow ball,a yellow ball,a yellow ball,yellow,blue,grey,green,Bad,Good
Deganoetal_2024,Exp_2,5,Training,Control_4,Good,Sam,`The mystery box does not contain a blue ball or a grey ball.',C-CD-C,a yellow and a green ball,a yellow ball,a yellow ball,blue,grey,yellow,green,Bad,Good
Deganoetal_2024,Exp_2,6,Training,Control_3,Good,Mia,`The mystery box contains a blue ball and a yellow ball.',AB-AB-AB,a blue ball and a yellow ball,a blue ball and a yellow ball,a blue ball and a yellow ball,blue,yellow,green,grey,Bad,Good
Deganoetal_2024,Exp_2,7,Training,Control_1,Bad,Mia,`The mystery box contains a grey ball.',A-CD-C,a yellow ball,a grey ball,a yellow ball and a blue ball,grey,green,yellow,blue,Bad,Good
Deganoetal_2024,Exp_2,8,Training,Control_3,Bad,Sam,`The mystery box contains a green ball and a blue ball.',AB-CD-C,a yellow ball and a grey ball,a green ball and a blue ball,a yellow ball,green,blue,yellow,grey,Bad,Good
Deganoetal_2024,Exp_2,9,Test,Control_2,Bad,Mia,`The mystery box does not contain a grey ball.',A-CD-A,a grey ball,a grey ball,a blue ball and a green ball,grey,yellow,blue,green,Bad,Good
Deganoetal_2024,Exp_2,10,Test,Control_3,Good,Sam,`The mystery box contains a yellow ball and a blue ball.',AB-AB-AB,a yellow ball and a blue ball,a yellow ball and a blue ball,a yellow ball and a blue ball,yellow,blue,grey,green,Bad,Good
Deganoetal_2024,Exp_2,11,Test,Control_4,Good,Sam,`The mystery box does not contain a grey ball or a blue ball.',C-CD-C,a green ball,a green ball and a yellow ball,a green ball,grey,blue,green,yellow,Bad,Good
Deganoetal_2024,Exp_2,12,Test,Test,Good,Mia,`The mystery box contains a green ball or a blue ball.',A-AA-B,a green ball and a green ball,a blue ball,a green ball,green,blue,grey,yellow,Bad,Good
Deganoetal_2024,Exp_2,13,Test,Control_1,Good,Sam,`The mystery box contains a green ball.',A-A-A,a green ball,a green ball,a green ball,green,grey,yellow,blue,Bad,Good
Deganoetal_2024,Exp_2,14,Test,Control_4,Good,Mia,`The mystery box does not contain a green ball or a blue ball.',C-CD-C,a grey ball,a grey ball,a grey ball and a yellow ball,green,blue,grey,yellow,Bad,Good
Deganoetal_2024,Exp_2,15,Test,Test,Good,Mia,`The mystery box contains a blue ball or a green ball.',A-AA-B,a green ball,a blue ball,a blue ball and a blue ball,blue,green,yellow,grey,Bad,Good
Deganoetal_2024,Exp_2,16,Test,Test,Bad,Sam,`The mystery box contains a green ball or a grey ball.',A-CD-B,a green ball,a yellow ball and a blue ball,a grey ball,green,grey,yellow,blue,Bad,Good
Deganoetal_2024,Exp_2,17,Test,Control_1,Bad,Mia,`The mystery box contains a green ball.',A-CD-C,a green ball,a grey ball,a grey ball and a yellow ball,green,blue,grey,yellow,Bad,Good
Deganoetal_2024,Exp_2,18,Test,Control_4,Bad,Mia,`The mystery box does not contain a grey ball or a green ball.',A-CD-B,a grey ball,a green ball,a yellow ball and a blue ball,grey,green,yellow,blue,Bad,Good
Deganoetal_2024,Exp_2,19,Test,Control_2,Good,Sam,`The mystery box does not contain a green ball.',C-CD-C,a blue ball,a blue ball and a yellow ball,a blue ball,green,grey,blue,yellow,Bad,Good
Deganoetal_2024,Exp_2,20,Test,Test,Target_2,Sam,`The mystery box contains a green ball or a grey ball.',A-AA-AA,a green ball and a green ball,a green ball,a green ball and a green ball,green,grey,yellow,blue,Bad,Good
Deganoetal_2024,Exp_2,21,Test,Test,Bad,Mia,`The mystery box contains a grey ball or a green ball.',A-CD-B,a green ball,a blue ball and a yellow ball,a grey ball,grey,green,blue,yellow,Bad,Good
Deganoetal_2024,Exp_2,22,Test,Test,Good,Mia,`The mystery box contains a grey ball or a yellow ball.',A-AA-B,a yellow ball,a grey ball,a grey ball and a grey ball,grey,yellow,blue,green,Bad,Good
Deganoetal_2024,Exp_2,23,Test,Control_3,Good,Sam,`The mystery box contains a blue ball and a yellow ball.',AB-AB-AB,a blue ball and a yellow ball,a blue ball and a yellow ball,a blue ball and a yellow ball,blue,yellow,green,grey,Bad,Good
Deganoetal_2024,Exp_2,24,Test,Test,Target_2,Sam,`The mystery box contains a green ball or a grey ball.',A-AA-A,a green ball,a green ball and a green ball,a green ball,green,grey,blue,yellow,Bad,Good
Deganoetal_2024,Exp_2,25,Test,Control_1,Good,Sam,`The mystery box contains a blue ball.',A-A-A,a blue ball,a blue ball,a blue ball,blue,green,yellow,grey,Bad,Good
Deganoetal_2024,Exp_2,26,Test,Control_3,Bad,Mia,`The mystery box contains a blue ball and a grey ball.',AB-CD-C,a blue ball and a grey ball,a yellow ball,a yellow and a green ball,blue,grey,yellow,green,Bad,Good
Deganoetal_2024,Exp_2,27,Test,Test,Target_1,Mia,`The mystery box contains a blue ball or a yellow ball.',A-AB-AB,a blue ball and a yellow ball,a blue ball and a yellow ball,a blue ball,blue,yellow,green,grey,Bad,Good
Deganoetal_2024,Exp_2,28,Test,Test,Target_2,Sam,`The mystery box contains a yellow ball or a green ball.',A-AA-A,a yellow ball,a yellow and a yellow ball,a yellow ball,yellow,green,grey,blue,Bad,Good
Deganoetal_2024,Exp_2,29,Test,Test,Good-Excl,Sam,`The mystery box contains a green ball or a yellow ball.',A-AB-B,a green ball and a yellow ball,a yellow ball,a green ball,green,yellow,blue,grey,Bad,Good
Deganoetal_2024,Exp_2,30,Test,Test,Target_1,Mia,`The mystery box contains a blue ball or a grey ball.',A-AB-A,a blue ball and a grey ball,a blue ball,a blue ball,blue,grey,green,yellow,Bad,Good
Deganoetal_2024,Exp_2,31,Test,Control_2,Bad,Mia,`The mystery box does not contain a green ball.',A-CD-A,a green ball,a grey ball and a yellow ball,a green ball,green,blue,grey,yellow,Bad,Good
Deganoetal_2024,Exp_2,32,Test,Test,Good-Excl,Sam,`The mystery box contains a blue ball or a green ball.',A-AB-B,a blue ball and a green ball,a blue ball,a green ball,blue,green,grey,yellow,Bad,Good
Deganoetal_2024,Exp_2,33,Test,Control_2,Good,Sam,`The mystery box does not contain a yellow ball.',C-CD-C,a grey ball,a grey ball,a grey ball and a green ball,yellow,blue,grey,green,Bad,Good
Deganoetal_2024,Exp_2,34,Test,Control_1,Bad,Mia,`The mystery box contains a blue ball.',A-CD-C,a blue ball,a green ball and a grey ball,a green ball,blue,yellow,green,grey,Bad,Good
Deganoetal_2024,Exp_2,35,Test,Control_1,Good,Sam,`The mystery box contains a grey ball.',A-A-A,a grey ball,a grey ball,a grey ball,grey,yellow,blue,green,Bad,Good
Deganoetal_2024,Exp_2,36,Test,Test,Bad,Sam,`The mystery box contains a yellow ball or a green ball.',A-CD-B,a blue ball and a grey ball,a yellow ball,a green ball,yellow,green,blue,grey,Bad,Good
Deganoetal_2024,Exp_2,37,Test,Control_3,Bad,Sam,`The mystery box contains a grey ball and a green ball.',AB-CD-C,a blue ball,a grey ball and a green ball,a blue ball and a yellow ball,grey,green,blue,yellow,Bad,Good
Deganoetal_2024,Exp_2,38,Test,Control_4,Bad,Sam,`The mystery box does not contain a yellow ball or a blue ball.',A-CD-B,a blue ball,a green ball and a grey ball,a yellow ball,yellow,blue,green,grey,Bad,Good
Deganoetal_2024,Exp_2,39,Test,Test,Bad,Sam,`The mystery box contains a blue ball or a yellow ball.',A-CD-B,a green ball and a grey ball,a yellow ball,a blue ball,blue,yellow,green,grey,Bad,Good
Deganoetal_2024,Exp_2,40,Test,Test,Target_2,Mia,`The mystery box contains a yellow ball or a blue ball.',A-AA-AA,a yellow ball,a yellow and a yellow ball,a yellow and a yellow ball,yellow,blue,green,grey,Bad,Good
Deganoetal_2024,Exp_2,41,Test,Test,Target_1,Sam,`The mystery box contains a grey ball or a blue ball.',A-AB-A,a grey ball,a grey ball and a blue ball,a grey ball,grey,blue,green,yellow,Bad,Good
Deganoetal_2024,Exp_2,42,Test,Test,Bad,Mia,`The mystery box contains a green ball or a blue ball.',A-CD-B,a green ball,a yellow ball and a grey ball,a blue ball,green,blue,yellow,grey,Bad,Good
Deganoetal_2024,Exp_2,43,Test,Test,Target_1,Sam,`The mystery box contains a yellow ball or a grey ball.',A-AB-AB,a yellow ball and a grey ball,a yellow ball and a grey ball,a yellow ball,yellow,grey,blue,green,Bad,Good
Deganoetal_2024,Exp_2,44,Test,Control_3,Bad,Mia,`The mystery box contains a green ball and a yellow ball.',AB-CD-C,a green ball and a yellow ball,a grey ball,a grey ball and a blue ball,green,yellow,grey,blue,Bad,Good
Deganoetal_2024,Exp_2,45,Test,Test,Target_2,Sam,`The mystery box contains a grey ball or a blue ball.',A-AA-AA,a grey ball and a grey ball,a grey ball,a grey ball and a grey ball,grey,blue,yellow,green,Bad,Good
Deganoetal_2024,Exp_2,46,Test,Control_3,Good,Sam,`The mystery box contains a blue ball and a green ball.',AB-AB-AB,a blue ball and a green ball,a blue ball and a green ball,a blue ball and a green ball,blue,green,grey,yellow,Bad,Good
Deganoetal_2024,Exp_2,47,Test,Control_2,Good,Sam,`The mystery box does not contain a grey ball.',C-CD-C,a yellow ball and a blue ball,a yellow ball,a yellow ball,grey,green,yellow,blue,Bad,Good
Deganoetal_2024,Exp_2,48,Test,Control_4,Good,Mia,`The mystery box does not contain a grey ball or a blue ball.',C-CD-C,a yellow and a green ball,a yellow ball,a yellow ball,grey,blue,yellow,green,Bad,Good
Deganoetal_2024,Exp_2,49,Test,Test,Target_1,Sam,`The mystery box contains a yellow ball or a blue ball.',A-AB-A,a yellow ball,a yellow ball,a yellow ball and a blue ball,yellow,blue,grey,green,Bad,Good
Deganoetal_2024,Exp_2,50,Test,Test,Target_2,Sam,`The mystery box contains a blue ball or a yellow ball.',A-AA-A,a blue ball,a blue ball and a blue ball,a blue ball,blue,yellow,grey,green,Bad,Good
Deganoetal_2024,Exp_2,51,Test,Control_4,Bad,Sam,`The mystery box does not contain a blue ball or a yellow ball.',A-CD-B,a green ball and a grey ball,a blue ball,a yellow ball,blue,yellow,green,grey,Bad,Good
Deganoetal_2024,Exp_2,52,Test,Test,Good-Excl,Sam,`The mystery box contains a blue ball or a green ball.',A-AB-B,a blue ball and a green ball,a green ball,a blue ball,blue,green,grey,yellow,Bad,Good
Deganoetal_2024,Exp_2,53,Test,Test,Target_1,Mia,`The mystery box contains a grey ball or a green ball.',A-AB-AB,a grey ball and a green ball,a grey ball,a grey ball and a green ball,grey,green,yellow,blue,Bad,Good
Deganoetal_2024,Exp_2,54,Test,Test,Bad,Sam,`The mystery box contains a grey ball or a green ball.',A-CD-B,a yellow ball and a blue ball,a green ball,a grey ball,grey,green,yellow,blue,Bad,Good
Deganoetal_2024,Exp_2,55,Test,Control_1,Bad,Mia,`The mystery box contains a grey ball.',A-CD-C,a green ball and a yellow ball,a grey ball,a green ball,grey,blue,green,yellow,Bad,Good
Deganoetal_2024,Exp_2,56,Test,Control_2,Bad,Mia,`The mystery box does not contain a grey ball.',A-CD-A,a grey ball,a grey ball,a yellow and a green ball,grey,blue,yellow,green,Bad,Good
Deganoetal_2024,Exp_3,1,Training,Control_4,Bad,Mia,`The mystery box does not contain a green ball or a yellow ball.',A-CD-A,a green ball,a green ball,a grey ball and a blue ball,green,yellow,grey,blue,Bad,Good
Deganoetal_2024,Exp_3,2,Training,Control_2,Bad,Mia,`The mystery box does not contain a green ball.',A-CD-A,a green ball,a green ball,a grey ball and a blue ball,green,yellow,grey,blue,Bad,Good
Deganoetal_2024,Exp_3,3,Training,Control_2,Good,Mia,`The mystery box does not contain a yellow ball.',C-CD-C,a green ball and a blue ball,a green ball,a green ball,yellow,grey,green,blue,Bad,Good
Deganoetal_2024,Exp_3,4,Training,Control_1,Good,Sam,`The mystery box contains a yellow ball.',A-A-A,a yellow ball,a yellow ball,a yellow ball,yellow,blue,grey,green,Bad,Good
Deganoetal_2024,Exp_3,5,Training,Control_4,Good,Sam,`The mystery box does not contain a blue ball or a grey ball.',C-CD-C,a yellow and a green ball,a yellow ball,a yellow ball,blue,grey,yellow,green,Bad,Good
Deganoetal_2024,Exp_3,6,Training,Control_3,Good,Mia,`The mystery box contains a blue ball and a yellow ball.',AB-AB-AB,a blue ball and a yellow ball,a blue ball and a yellow ball,a blue ball and a yellow ball,blue,yellow,green,grey,Bad,Good
Deganoetal_2024,Exp_3,7,Training,Control_1,Bad,Mia,`The mystery box contains a grey ball.',A-CD-C,a yellow ball,a grey ball,a yellow ball and a blue ball,grey,green,yellow,blue,Bad,Good
Deganoetal_2024,Exp_3,8,Training,Control_3,Bad,Sam,`The mystery box contains a green ball and a blue ball.',AB-CD-C,a yellow ball and a grey ball,a green ball and a blue ball,a yellow ball,green,blue,yellow,grey,Bad,Good
Deganoetal_2024,Exp_3,9,Test,Test,Good,Sam,`The mystery box contains a grey ball or a green ball.',A-AA-B,a green ball,a green ball and a green ball,a grey ball,green,grey,yellow,blue,Bad,Good
Deganoetal_2024,Exp_3,10,Test,Control_4,Bad,Sam,`The mystery box does not contain a grey ball or a blue ball.',A-CD-B,a green ball and a yellow ball,a grey ball,a blue ball,grey,blue,green,yellow,Bad,Good
Deganoetal_2024,Exp_3,11,Test,Test,Good-Excl,Mia,`The mystery box contains a yellow ball or a grey ball.',A-AB-B,a yellow ball,a grey ball and a yellow ball,a grey ball,grey,yellow,green,blue,Bad,Good
Deganoetal_2024,Exp_3,12,Test,Test,Target_1,Mia,`The mystery box contains a grey ball or a green ball.',A-AB-AB,a green ball and a grey ball,a green ball and a grey ball,a green ball,green,grey,blue,yellow,Bad,Good
Deganoetal_2024,Exp_3,13,Test,Control_4,Good,Sam,`The mystery box does not contain a blue ball or a grey ball.',C-CD-C,a yellow ball,a yellow ball,a yellow and a green ball,blue,grey,yellow,green,Bad,Good
Deganoetal_2024,Exp_3,14,Test,Control_1,Bad,Sam,`The mystery box contains a green ball.',A-CD-C,a green ball,a blue ball,a blue ball and a yellow ball,green,grey,blue,yellow,Bad,Good
Deganoetal_2024,Exp_3,15,Test,Test,Target_2,Mia,`The mystery box contains a green ball or a grey ball.',A-AA-A,a grey ball,a grey ball and a grey ball,a grey ball,grey,green,yellow,blue,Bad,Good
Deganoetal_2024,Exp_3,16,Test,Control_3,Good,Sam,`The mystery box contains a grey ball and a green ball.',AB-AB-AB,a grey ball and a green ball,a grey ball and a green ball,a grey ball and a green ball,grey,green,blue,yellow,Bad,Good
Deganoetal_2024,Exp_3,17,Test,Control_2,Good,Mia,`The mystery box does not contain a blue ball.',C-CD-C,a green ball,a green ball and a yellow ball,a green ball,blue,grey,green,yellow,Bad,Good
Deganoetal_2024,Exp_3,18,Test,Control_4,Bad,Mia,`The mystery box does not contain a blue ball or a grey ball.',A-CD-B,a blue ball,a grey ball,a green ball and a yellow ball,blue,grey,green,yellow,Bad,Good
Deganoetal_2024,Exp_3,19,Test,Test,Good-Excl,Mia,`The mystery box contains a grey ball or a yellow ball.',A-AB-B,a yellow ball,a yellow ball and a grey ball,a grey ball,yellow,grey,blue,green,Bad,Good
Deganoetal_2024,Exp_3,20,Test,Control_3,Good,Mia,`The mystery box contains a grey ball and a green ball.',AB-AB-AB,a grey ball and a green ball,a grey ball and a green ball,a grey ball and a green ball,grey,green,blue,yellow,Bad,Good
Deganoetal_2024,Exp_3,21,Test,Control_1,Bad,Mia,`The mystery box contains a blue ball.',A-CD-C,a yellow and a green ball,a yellow ball,a blue ball,blue,grey,yellow,green,Bad,Good
Deganoetal_2024,Exp_3,22,Test,Test,Target_1,Mia,`The mystery box contains a blue ball or a yellow ball.',A-AB-A,a yellow ball,a yellow ball,a yellow ball and a blue ball,yellow,blue,grey,green,Bad,Good
Deganoetal_2024,Exp_3,23,Test,Test,Good-Excl,Mia,`The mystery box contains a grey ball or a yellow ball.',A-AB-B,a yellow ball and a grey ball,a grey ball,a yellow ball,yellow,grey,green,blue,Bad,Good
Deganoetal_2024,Exp_3,24,Test,Test,Bad,Mia,`The mystery box contains a green ball or a blue ball.',A-CD-B,a green ball,a grey ball and a yellow ball,a blue ball,blue,green,grey,yellow,Bad,Good
Deganoetal_2024,Exp_3,25,Test,Control_2,Bad,Mia,`The mystery box does not contain a blue ball.',A-CD-A,a blue ball,a blue ball,a grey ball and a green ball,blue,yellow,grey,green,Bad,Good
Deganoetal_2024,Exp_3,26,Test,Control_1,Good,Sam,`The mystery box contains a blue ball.',A-A-A,a blue ball,a blue ball,a blue ball,blue,grey,green,yellow,Bad,Good
Deganoetal_2024,Exp_3,27,Test,Test,Target_1,Mia,`The mystery box contains a grey ball or a yellow ball.',A-AB-A,a yellow ball,a yellow ball and a grey ball,a yellow ball,yellow,grey,green,blue,Bad,Good
Deganoetal_2024,Exp_3,28,Test,Test,Target_2,Mia,`The mystery box contains a grey ball or a green ball.',A-AA-AA,a green ball and a green ball,a green ball,a green ball and a green ball,green,grey,blue,yellow,Bad,Good
Deganoetal_2024,Exp_3,29,Test,Test,Good,Mia,`The mystery box contains a grey ball or a blue ball.',A-AA-B,a blue ball,a blue ball and a blue ball,a grey ball,blue,grey,green,yellow,Bad,Good
Deganoetal_2024,Exp_3,30,Test,Test,Target_1,Sam,`The mystery box contains a yellow ball or a green ball.',A-AB-AB,a green ball and a yellow ball,a green ball,a green ball and a yellow ball,green,yellow,blue,grey,Bad,Good
Deganoetal_2024,Exp_3,31,Test,Control_1,Good,Sam,`The mystery box contains a blue ball.',A-A-A,a blue ball,a blue ball,a blue ball,blue,yellow,grey,green,Bad,Good
Deganoetal_2024,Exp_3,32,Test,Control_4,Bad,Sam,`The mystery box does not contain a blue ball or a grey ball.',A-CD-B,a blue ball,a yellow and a green ball,a grey ball,blue,grey,yellow,green,Bad,Good
Deganoetal_2024,Exp_3,33,Test,Control_2,Bad,Mia,`The mystery box does not contain a blue ball.',A-CD-A,a blue ball,a green ball and a yellow ball,a blue ball,blue,grey,green,yellow,Bad,Good
Deganoetal_2024,Exp_3,34,Test,Test,Bad,Mia,`The mystery box contains a yellow ball or a grey ball.',A-CD-B,a yellow ball,a green ball and a blue ball,a grey ball,grey,yellow,green,blue,Bad,Good
Deganoetal_2024,Exp_3,35,Test,Test,Bad,Mia,`The mystery box contains a yellow ball or a blue ball.',A-CD-B,a grey ball and a green ball,a blue ball,a yellow ball,blue,yellow,grey,green,Bad,Good
Deganoetal_2024,Exp_3,36,Test,Control_2,Good,Mia,`The mystery box does not contain a blue ball.',C-CD-C,a green ball and a yellow ball,a green ball,a green ball,blue,grey,green,yellow,Bad,Good
Deganoetal_2024,Exp_3,37,Test,Control_4,Good,Sam,`The mystery box does not contain a green ball or a grey ball.',C-CD-C,a blue ball,a blue ball,a blue ball and a yellow ball,green,grey,blue,yellow,Bad,Good
Deganoetal_2024,Exp_3,38,Test,Control_3,Good,Sam,`The mystery box contains a blue ball and a grey ball.',AB-AB-AB,a blue ball and a grey ball,a blue ball and a grey ball,a blue ball and a grey ball,blue,grey,yellow,green,Bad,Good
Deganoetal_2024,Exp_3,39,Test,Test,Target_1,Sam,`The mystery box contains a grey ball or a blue ball.',A-AB-AB,a blue ball and a grey ball,a blue ball,a blue ball and a grey ball,blue,grey,green,yellow,Bad,Good
Deganoetal_2024,Exp_3,40,Test,Test,Target_2,Sam,`The mystery box contains a blue ball or a grey ball.',A-AA-A,a grey ball,a grey ball and a grey ball,a grey ball,grey,blue,yellow,green,Bad,Good
Deganoetal_2024,Exp_3,41,Test,Control_3,Bad,Sam,`The mystery box contains a blue ball and a green ball.',A-AA-B,a green ball,a blue ball and a blue ball,a blue ball,blue,green,yellow,grey,Bad,Good
Deganoetal_2024,Exp_3,42,Test,Control_2,Good,Mia,`The mystery box does not contain a green ball.',C-CD-C,a grey ball and a blue ball,a grey ball,a grey ball,green,yellow,grey,blue,Bad,Good
Deganoetal_2024,Exp_3,43,Test,Control_1,Good,Mia,`The mystery box contains a green ball.',A-A-A,a green ball,a green ball,a green ball,green,blue,yellow,grey,Bad,Good
Deganoetal_2024,Exp_3,44,Test,Test,Bad,Mia,`The mystery box contains a yellow ball or a blue ball.',A-CD-B,a blue ball,a yellow ball,a grey ball and a green ball,blue,yellow,grey,green,Bad,Good
Deganoetal_2024,Exp_3,45,Test,Test,Target_2,Sam,`The mystery box contains a blue ball or a green ball.',A-AA-AA,a green ball,a green ball and a green ball,a green ball and a green ball,green,blue,yellow,grey,Bad,Good
Deganoetal_2024,Exp_3,46,Test,Test,Target_1,Sam,`The mystery box contains a grey ball or a blue ball.',A-AB-A,a blue ball,a blue ball,a blue ball and a grey ball,blue,grey,yellow,green,Bad,Good
Deganoetal_2024,Exp_3,47,Test,Test,Bad,Sam,`The mystery box contains a grey ball or a green ball.',A-CD-B,a grey ball,a green ball,a blue ball and a yellow ball,green,grey,blue,yellow,Bad,Good
Deganoetal_2024,Exp_3,48,Test,Test,Bad,Mia,`The mystery box contains a green ball or a grey ball.',A-CD-B,a grey ball,a blue ball and a yellow ball,a green ball,grey,green,blue,yellow,Bad,Good
Deganoetal_2024,Exp_3,49,Test,Control_4,Good,Sam,`The mystery box does not contain a blue ball or a green ball.',C-CD-C,a grey ball,a grey ball and a yellow ball,a grey ball,blue,green,grey,yellow,Bad,Good
Deganoetal_2024,Exp_3,50,Test,Control_3,Bad,Mia,`The mystery box contains a green ball and a blue ball.',A-AA-B,a green ball,a green ball and a green ball,a blue ball,green,blue,grey,yellow,Bad,Good
Deganoetal_2024,Exp_3,51,Test,Test,Good,Mia,`The mystery box contains a blue ball or a grey ball.',A-AA-B,a grey ball,a blue ball,a grey ball and a grey ball,grey,blue,green,yellow,Bad,Good
Deganoetal_2024,Exp_3,52,Test,Control_3,Bad,Sam,`The mystery box contains a grey ball and a green ball.',A-AA-B,a grey ball,a green ball,a grey ball and a grey ball,grey,green,yellow,blue,Bad,Good
Deganoetal_2024,Exp_3,53,Test,Test,Target_2,Mia,`The mystery box contains a yellow ball or a blue ball.',A-AA-A,a blue ball,a blue ball and a blue ball,a blue ball,blue,yellow,grey,green,Bad,Good
Deganoetal_2024,Exp_3,54,Test,Control_2,Bad,Sam,`The mystery box does not contain a blue ball.',A-CD-A,a blue ball,a blue ball,a grey ball and a yellow ball,blue,green,grey,yellow,Bad,Good
Deganoetal_2024,Exp_3,55,Test,Test,Target_2,Sam,`The mystery box contains a blue ball or a grey ball.',A-AA-AA,a grey ball and a grey ball,a grey ball and a grey ball,a grey ball,grey,blue,yellow,green,Bad,Good
Deganoetal_2024,Exp_3,56,Test,Control_1,Bad,Sam,`The mystery box contains a green ball.',A-CD-C,a green ball,a blue ball,a blue ball and a yellow ball,green,grey,blue,yellow,Bad,Good
